{"accuracy score": 0.7666666666666667, "f1 score": 0.7586206896551724, "ROC-AUC score": 0.8392857142857144}