{"accuracy score": 0.7833333333333333, "f1 score": 0.7796610169491526, "ROC-AUC score": 0.8465401785714286}