{"accuracy score": 0.8833333333333333, "f1 score": 0.8771929824561403, "ROC-AUC score": 0.9243604004449387}